{
  "data": [
    {
      "id": "MDEwOlJlcG9zaXRvcnkyNDU0NjcyNzQ=",
      "name": "Artificial Intelligence Paper",
      "createdAt": "2020-03-06T16:26:54Z",
      "description": "Paper Written on Artificial Intelligence published in xyz "
    },
    {
      "id": "MDEwOlJlcG9zaXRvcnkyNDU0NjcyNzi=",
      "name": "Artificial Intelligence Paper",
      "createdAt": "2020-03-06T16:26:54Z",
      "description": "Paper Written on Artificial Intelligence published in xyz "
    },
    {
      "id": "MDEwOlJlcG9zaXRvcnkyNDU0NjcyNze=",
      "name": "Artificial Intelligence Paper",
      "createdAt": "2020-03-06T16:26:54Z",
      "description": "Paper Written on Artificial Intelligence published in xyz "
    },
    {
      "id": "MDEwOlJlcG9zaXRvcnkyNDU0NjcyNzt=",
      "name": "Artificial Intelligence Paper",
      "createdAt": "2020-03-06T16:26:54Z",
      "description": "Paper Written on Artificial Intelligence published in xyz "
    },
    {
      "id": "MDEwOlJlcG9zaXRvcnkyNDU0NjcyNzb=",
      "name": "Artificial Intelligence Paper",
      "createdAt": "2020-03-06T16:26:54Z",
      "description": "Paper Written on Artificial Intelligence published in xyz "
    }
  ]
}
